{
    "shunfski": [
                 {
                 "title": "简书",
                 "content": "个人技术开发积累http://www.jianshu.com/u/19d70685b038",
                 "username": "PURE蓝胖子",
                 "imageName": "shun1"
                 },
                 {
                 "title": "github",
                 "content": "个人技术开发积累https://github.com/shunFSKi",
                 "username": "shunFSKi",
                 "imageName": "shun2"
                 },
                 {
                 "title": "blog",
                 "content": "个人技术开发积累http://www.shunfski.com",
                 "username": "shunFSKi",
                 "imageName": "shun3"
                 },
                 {
                 "title": "iOS一步步实现一个高度自定义UIButton控件",
                 "content": "日常开发中UIButton的图片与标题默认的布局是固定的，是在水平方向左右排列。但是我们会经常需要更改image和title的位置来实现需求，这是个很常见的需求就不多说了。所以下面就来谈谈如何一步步的实现一个高度自定义的UIButton控件。",
                 "username": "FSCustomButtonDemo",
                 "imageName": "shun4",
                 "time": "06.26 17:28"
                 },
                 {
                 "title": "iOS一种动态栅格布局方案",
                 "content": "前言 在日常开发过程中，我们会遇到一些需要不定期动态改变布局的页面或视图块，下面用张图展示一下：我以这张图解释一下需求，图上的几块都是需要显示不同的功能模块，点击的时候也需要跳转到不同页面。这个布局实现很简单，但是如果这个布局需要不定期的更改，比如A换到右边，大小发生变化等不确定因素，我们不可能就发布一个新的版本去修改这个页面。所以大部分人会选择webView来实现，或者事先约定好几种布局格式，由后台来随时改变布局。",
                 "username": "FSGridLayoutDemo",
                 "imageName": "shun5",
                 "time": "06.10 20:18"
                 },
                 {
                 "title": "iOS scrollView嵌套tableView的手势冲突解决方案",
                 "content": "在平时项目中，我们经常会碰到类似UIScrollView嵌套UITableView的需求，虽然苹果并不建议这种做法，但是这样的需求在平时工作中还是很常见的。",
                 "username": "FSScrollViewNestTableView",
                 "imageName": "shun6",
                 "time": "06.07 21:24"
                 },
                 {
                 "title": "iOS自定义一个仿网易左右滑动切换页面框架",
                 "content": "这是本人在整理项目时抽离了业务代码整理封装的一个通俗易懂较为实用的框架。支持点击上方标题，切换下方内容页面，也支持滑动下方内容区域，切换上方的标题。",
                 "username": "FSScrollContentView",
                 "imageName": "shun3",
                 "time": "05.04 15:06"
                 },
                 {
                 "title": "cell自适应行高，一句代码搞定需求",
                 "content": "cell自适应行高，一句代码搞定需求cell自适应行高，一句代码搞定需求cell自适应行高，一句代码搞定需求cell自适应行高，一句代码搞定需求cell自适应行高，一句代码搞定需求cell自适应行高，一句代码搞定需求",
                 "username": "PURE蓝胖子",
                 "imageName": "shun4"
                 }
                 ]
}
